,occluded_images,object_images,black pixels,occluder size
0,./Experiment/Stimulus/all_stim/occlusion/partialviewing/manysmall/high/manysmall_partialViewing_high_person1.png,./Experiment/Stimulus/objects/person1.png,378541,manysmall
1,./Experiment/Stimulus/all_stim/occlusion/partialviewing/manysmall/high/manysmall_partialViewing_high_bird9.png,./Experiment/Stimulus/objects/bird9.png,380697,manysmall
2,./Experiment/Stimulus/all_stim/occlusion/partialviewing/manysmall/high/manysmall_partialViewing_high_building4.png,./Experiment/Stimulus/objects/building4.png,349610,manysmall
3,./Experiment/Stimulus/all_stim/occlusion/partialviewing/manysmall/high/manysmall_partialViewing_high_cat5.png,./Experiment/Stimulus/objects/cat5.png,369990,manysmall
4,./Experiment/Stimulus/all_stim/occlusion/partialviewing/manysmall/high/manysmall_partialViewing_high_firehydrant1.png,./Experiment/Stimulus/objects/firehydrant1.png,408069,manysmall
5,./Experiment/Stimulus/all_stim/occlusion/partialviewing/manysmall/high/manysmall_partialViewing_high_cat4.png,./Experiment/Stimulus/objects/cat4.png,353577,manysmall
6,./Experiment/Stimulus/all_stim/occlusion/partialviewing/manysmall/high/manysmall_partialViewing_high_bird8.png,./Experiment/Stimulus/objects/bird8.png,383472,manysmall
7,./Experiment/Stimulus/all_stim/occlusion/partialviewing/manysmall/high/manysmall_partialViewing_high_building5.png,./Experiment/Stimulus/objects/building5.png,349795,manysmall
8,./Experiment/Stimulus/all_stim/occlusion/partialviewing/manysmall/high/manysmall_partialViewing_high_person2.png,./Experiment/Stimulus/objects/person2.png,421455,manysmall
9,./Experiment/Stimulus/all_stim/occlusion/partialviewing/manysmall/high/manysmall_partialViewing_high_building7.png,./Experiment/Stimulus/objects/building7.png,320182,manysmall
10,./Experiment/Stimulus/all_stim/occlusion/partialviewing/manysmall/high/manysmall_partialViewing_high_cat6.png,./Experiment/Stimulus/objects/cat6.png,407060,manysmall
11,./Experiment/Stimulus/all_stim/occlusion/partialviewing/manysmall/high/manysmall_partialViewing_high_firehydrant3.png,./Experiment/Stimulus/objects/firehydrant3.png,408461,manysmall
12,./Experiment/Stimulus/all_stim/occlusion/partialviewing/manysmall/high/manysmall_partialViewing_high_firehydrant2.png,./Experiment/Stimulus/objects/firehydrant2.png,389179,manysmall
13,./Experiment/Stimulus/all_stim/occlusion/partialviewing/manysmall/high/manysmall_partialViewing_high_cat7.png,./Experiment/Stimulus/objects/cat7.png,342593,manysmall
14,./Experiment/Stimulus/all_stim/occlusion/partialviewing/manysmall/high/manysmall_partialViewing_high_building6.png,./Experiment/Stimulus/objects/building6.png,334805,manysmall
15,./Experiment/Stimulus/all_stim/occlusion/partialviewing/manysmall/high/manysmall_partialViewing_high_banana10.png,./Experiment/Stimulus/objects/banana10.png,371259,manysmall
16,./Experiment/Stimulus/all_stim/occlusion/partialviewing/manysmall/high/manysmall_partialViewing_high_person3.png,./Experiment/Stimulus/objects/person3.png,406422,manysmall
17,./Experiment/Stimulus/all_stim/occlusion/partialviewing/manysmall/high/manysmall_partialViewing_high_person7.png,./Experiment/Stimulus/objects/person7.png,356966,manysmall
18,./Experiment/Stimulus/all_stim/occlusion/partialviewing/manysmall/high/manysmall_partialViewing_high_building2.png,./Experiment/Stimulus/objects/building2.png,318011,manysmall
19,./Experiment/Stimulus/all_stim/occlusion/partialviewing/manysmall/high/manysmall_partialViewing_high_cat3.png,./Experiment/Stimulus/objects/cat3.png,362327,manysmall
20,./Experiment/Stimulus/all_stim/occlusion/partialviewing/manysmall/high/manysmall_partialViewing_high_firehydrant6.png,./Experiment/Stimulus/objects/firehydrant6.png,362473,manysmall
21,./Experiment/Stimulus/all_stim/occlusion/partialviewing/manysmall/high/manysmall_partialViewing_high_firehydrant7.png,./Experiment/Stimulus/objects/firehydrant7.png,431542,manysmall
22,./Experiment/Stimulus/all_stim/occlusion/partialviewing/manysmall/high/manysmall_partialViewing_high_bus10.png,./Experiment/Stimulus/objects/bus10.png,339794,manysmall
23,./Experiment/Stimulus/all_stim/occlusion/partialviewing/manysmall/high/manysmall_partialViewing_high_cat2.png,./Experiment/Stimulus/objects/cat2.png,363239,manysmall
24,./Experiment/Stimulus/all_stim/occlusion/partialviewing/manysmall/high/manysmall_partialViewing_high_building3.png,./Experiment/Stimulus/objects/building3.png,314086,manysmall
25,./Experiment/Stimulus/all_stim/occlusion/partialviewing/manysmall/high/manysmall_partialViewing_high_person6.png,./Experiment/Stimulus/objects/person6.png,382825,manysmall
26,./Experiment/Stimulus/all_stim/occlusion/partialviewing/manysmall/high/manysmall_partialViewing_high_tree10.png,./Experiment/Stimulus/objects/tree10.png,385768,manysmall
27,./Experiment/Stimulus/all_stim/occlusion/partialviewing/manysmall/high/manysmall_partialViewing_high_tree9.png,./Experiment/Stimulus/objects/tree9.png,362501,manysmall
28,./Experiment/Stimulus/all_stim/occlusion/partialviewing/manysmall/high/manysmall_partialViewing_high_person4.png,./Experiment/Stimulus/objects/person4.png,413782,manysmall
29,./Experiment/Stimulus/all_stim/occlusion/partialviewing/manysmall/high/manysmall_partialViewing_high_building1.png,./Experiment/Stimulus/objects/building1.png,326450,manysmall
30,./Experiment/Stimulus/all_stim/occlusion/partialviewing/manysmall/high/manysmall_partialViewing_high_firehydrant5.png,./Experiment/Stimulus/objects/firehydrant5.png,374352,manysmall
31,./Experiment/Stimulus/all_stim/occlusion/partialviewing/manysmall/high/manysmall_partialViewing_high_firehydrant4.png,./Experiment/Stimulus/objects/firehydrant4.png,375490,manysmall
32,./Experiment/Stimulus/all_stim/occlusion/partialviewing/manysmall/high/manysmall_partialViewing_high_cat1.png,./Experiment/Stimulus/objects/cat1.png,344765,manysmall
33,./Experiment/Stimulus/all_stim/occlusion/partialviewing/manysmall/high/manysmall_partialViewing_high_person10.png,./Experiment/Stimulus/objects/person10.png,394844,manysmall
34,./Experiment/Stimulus/all_stim/occlusion/partialviewing/manysmall/high/manysmall_partialViewing_high_person5.png,./Experiment/Stimulus/objects/person5.png,395967,manysmall
35,./Experiment/Stimulus/all_stim/occlusion/partialviewing/manysmall/high/manysmall_partialViewing_high_tree8.png,./Experiment/Stimulus/objects/tree8.png,322433,manysmall
36,./Experiment/Stimulus/all_stim/occlusion/partialviewing/manysmall/high/manysmall_partialViewing_high_banana1.png,./Experiment/Stimulus/objects/banana1.png,343755,manysmall
37,./Experiment/Stimulus/all_stim/occlusion/partialviewing/manysmall/high/manysmall_partialViewing_high_bus5.png,./Experiment/Stimulus/objects/bus5.png,331670,manysmall
38,./Experiment/Stimulus/all_stim/occlusion/partialviewing/manysmall/high/manysmall_partialViewing_high_bus4.png,./Experiment/Stimulus/objects/bus4.png,397773,manysmall
39,./Experiment/Stimulus/all_stim/occlusion/partialviewing/manysmall/high/manysmall_partialViewing_high_banana2.png,./Experiment/Stimulus/objects/banana2.png,366882,manysmall
40,./Experiment/Stimulus/all_stim/occlusion/partialviewing/manysmall/high/manysmall_partialViewing_high_bus6.png,./Experiment/Stimulus/objects/bus6.png,372597,manysmall
41,./Experiment/Stimulus/all_stim/occlusion/partialviewing/manysmall/high/manysmall_partialViewing_high_bus7.png,./Experiment/Stimulus/objects/bus7.png,364772,manysmall
42,./Experiment/Stimulus/all_stim/occlusion/partialviewing/manysmall/high/manysmall_partialViewing_high_banana3.png,./Experiment/Stimulus/objects/banana3.png,385326,manysmall
43,./Experiment/Stimulus/all_stim/occlusion/partialviewing/manysmall/high/manysmall_partialViewing_high_firehydrant10.png,./Experiment/Stimulus/objects/firehydrant10.png,367021,manysmall
44,./Experiment/Stimulus/all_stim/occlusion/partialviewing/manysmall/high/manysmall_partialViewing_high_banana7.png,./Experiment/Stimulus/objects/banana7.png,318291,manysmall
45,./Experiment/Stimulus/all_stim/occlusion/partialviewing/manysmall/high/manysmall_partialViewing_high_cat10.png,./Experiment/Stimulus/objects/cat10.png,331080,manysmall
46,./Experiment/Stimulus/all_stim/occlusion/partialviewing/manysmall/high/manysmall_partialViewing_high_bus3.png,./Experiment/Stimulus/objects/bus3.png,336594,manysmall
47,./Experiment/Stimulus/all_stim/occlusion/partialviewing/manysmall/high/manysmall_partialViewing_high_bus2.png,./Experiment/Stimulus/objects/bus2.png,368828,manysmall
48,./Experiment/Stimulus/all_stim/occlusion/partialviewing/manysmall/high/manysmall_partialViewing_high_banana6.png,./Experiment/Stimulus/objects/banana6.png,369441,manysmall
49,./Experiment/Stimulus/all_stim/occlusion/partialviewing/manysmall/high/manysmall_partialViewing_high_banana4.png,./Experiment/Stimulus/objects/banana4.png,375971,manysmall
50,./Experiment/Stimulus/all_stim/occlusion/partialviewing/manysmall/high/manysmall_partialViewing_high_bus1.png,./Experiment/Stimulus/objects/bus1.png,388508,manysmall
51,./Experiment/Stimulus/all_stim/occlusion/partialviewing/manysmall/high/manysmall_partialViewing_high_banana5.png,./Experiment/Stimulus/objects/banana5.png,391657,manysmall
52,./Experiment/Stimulus/all_stim/occlusion/partialviewing/manysmall/high/manysmall_partialViewing_high_banana8.png,./Experiment/Stimulus/objects/banana8.png,354681,manysmall
53,./Experiment/Stimulus/all_stim/occlusion/partialviewing/manysmall/high/manysmall_partialViewing_high_banana9.png,./Experiment/Stimulus/objects/banana9.png,395190,manysmall
54,./Experiment/Stimulus/all_stim/occlusion/partialviewing/manysmall/high/manysmall_partialViewing_high_building10.png,./Experiment/Stimulus/objects/building10.png,375799,manysmall
55,./Experiment/Stimulus/all_stim/occlusion/partialviewing/manysmall/high/manysmall_partialViewing_high_bus9.png,./Experiment/Stimulus/objects/bus9.png,334169,manysmall
56,./Experiment/Stimulus/all_stim/occlusion/partialviewing/manysmall/high/manysmall_partialViewing_high_bus8.png,./Experiment/Stimulus/objects/bus8.png,347094,manysmall
57,./Experiment/Stimulus/all_stim/occlusion/partialviewing/manysmall/high/manysmall_partialViewing_high_tree5.png,./Experiment/Stimulus/objects/tree5.png,351531,manysmall
58,./Experiment/Stimulus/all_stim/occlusion/partialviewing/manysmall/high/manysmall_partialViewing_high_person8.png,./Experiment/Stimulus/objects/person8.png,361629,manysmall
59,./Experiment/Stimulus/all_stim/occlusion/partialviewing/manysmall/high/manysmall_partialViewing_high_firehydrant9.png,./Experiment/Stimulus/objects/firehydrant9.png,364918,manysmall
60,./Experiment/Stimulus/all_stim/occlusion/partialviewing/manysmall/high/manysmall_partialViewing_high_firehydrant8.png,./Experiment/Stimulus/objects/firehydrant8.png,364295,manysmall
61,./Experiment/Stimulus/all_stim/occlusion/partialviewing/manysmall/high/manysmall_partialViewing_high_bird1.png,./Experiment/Stimulus/objects/bird1.png,338501,manysmall
62,./Experiment/Stimulus/all_stim/occlusion/partialviewing/manysmall/high/manysmall_partialViewing_high_person9.png,./Experiment/Stimulus/objects/person9.png,368176,manysmall
63,./Experiment/Stimulus/all_stim/occlusion/partialviewing/manysmall/high/manysmall_partialViewing_high_tree4.png,./Experiment/Stimulus/objects/tree4.png,387944,manysmall
64,./Experiment/Stimulus/all_stim/occlusion/partialviewing/manysmall/high/manysmall_partialViewing_high_bird10.png,./Experiment/Stimulus/objects/bird10.png,330549,manysmall
65,./Experiment/Stimulus/all_stim/occlusion/partialviewing/manysmall/high/manysmall_partialViewing_high_tree6.png,./Experiment/Stimulus/objects/tree6.png,334147,manysmall
66,./Experiment/Stimulus/all_stim/occlusion/partialviewing/manysmall/high/manysmall_partialViewing_high_bird3.png,./Experiment/Stimulus/objects/bird3.png,350760,manysmall
67,./Experiment/Stimulus/all_stim/occlusion/partialviewing/manysmall/high/manysmall_partialViewing_high_bird2.png,./Experiment/Stimulus/objects/bird2.png,371981,manysmall
68,./Experiment/Stimulus/all_stim/occlusion/partialviewing/manysmall/high/manysmall_partialViewing_high_tree7.png,./Experiment/Stimulus/objects/tree7.png,339726,manysmall
69,./Experiment/Stimulus/all_stim/occlusion/partialviewing/manysmall/high/manysmall_partialViewing_high_tree3.png,./Experiment/Stimulus/objects/tree3.png,361922,manysmall
70,./Experiment/Stimulus/all_stim/occlusion/partialviewing/manysmall/high/manysmall_partialViewing_high_bird6.png,./Experiment/Stimulus/objects/bird6.png,357531,manysmall
71,./Experiment/Stimulus/all_stim/occlusion/partialviewing/manysmall/high/manysmall_partialViewing_high_bird7.png,./Experiment/Stimulus/objects/bird7.png,322165,manysmall
72,./Experiment/Stimulus/all_stim/occlusion/partialviewing/manysmall/high/manysmall_partialViewing_high_tree2.png,./Experiment/Stimulus/objects/tree2.png,367105,manysmall
73,./Experiment/Stimulus/all_stim/occlusion/partialviewing/manysmall/high/manysmall_partialViewing_high_bird5.png,./Experiment/Stimulus/objects/bird5.png,342647,manysmall
74,./Experiment/Stimulus/all_stim/occlusion/partialviewing/manysmall/high/manysmall_partialViewing_high_building8.png,./Experiment/Stimulus/objects/building8.png,337737,manysmall
75,./Experiment/Stimulus/all_stim/occlusion/partialviewing/manysmall/high/manysmall_partialViewing_high_cat9.png,./Experiment/Stimulus/objects/cat9.png,318498,manysmall
76,./Experiment/Stimulus/all_stim/occlusion/partialviewing/manysmall/high/manysmall_partialViewing_high_cat8.png,./Experiment/Stimulus/objects/cat8.png,371439,manysmall
77,./Experiment/Stimulus/all_stim/occlusion/partialviewing/manysmall/high/manysmall_partialViewing_high_bird4.png,./Experiment/Stimulus/objects/bird4.png,377671,manysmall
78,./Experiment/Stimulus/all_stim/occlusion/partialviewing/manysmall/high/manysmall_partialViewing_high_building9.png,./Experiment/Stimulus/objects/building9.png,347713,manysmall
79,./Experiment/Stimulus/all_stim/occlusion/partialviewing/manysmall/high/manysmall_partialViewing_high_tree1.png,./Experiment/Stimulus/objects/tree1.png,385491,manysmall
80,./Experiment/Stimulus/all_stim/occlusion/partialviewing/manysmall/low/manysmall_partialViewing_low_person10.png,./Experiment/Stimulus/objects/person10.png,353337,manysmall
81,./Experiment/Stimulus/all_stim/occlusion/partialviewing/manysmall/low/manysmall_partialViewing_low_banana1.png,./Experiment/Stimulus/objects/banana1.png,374700,manysmall
82,./Experiment/Stimulus/all_stim/occlusion/partialviewing/manysmall/low/manysmall_partialViewing_low_banana2.png,./Experiment/Stimulus/objects/banana2.png,307083,manysmall
83,./Experiment/Stimulus/all_stim/occlusion/partialviewing/manysmall/low/manysmall_partialViewing_low_cat10.png,./Experiment/Stimulus/objects/cat10.png,269313,manysmall
84,./Experiment/Stimulus/all_stim/occlusion/partialviewing/manysmall/low/manysmall_partialViewing_low_banana3.png,./Experiment/Stimulus/objects/banana3.png,294741,manysmall
85,./Experiment/Stimulus/all_stim/occlusion/partialviewing/manysmall/low/manysmall_partialViewing_low_banana10.png,./Experiment/Stimulus/objects/banana10.png,305729,manysmall
86,./Experiment/Stimulus/all_stim/occlusion/partialviewing/manysmall/low/manysmall_partialViewing_low_banana7.png,./Experiment/Stimulus/objects/banana7.png,243183,manysmall
87,./Experiment/Stimulus/all_stim/occlusion/partialviewing/manysmall/low/manysmall_partialViewing_low_banana6.png,./Experiment/Stimulus/objects/banana6.png,237354,manysmall
88,./Experiment/Stimulus/all_stim/occlusion/partialviewing/manysmall/low/manysmall_partialViewing_low_cat8.png,./Experiment/Stimulus/objects/cat8.png,269922,manysmall
89,./Experiment/Stimulus/all_stim/occlusion/partialviewing/manysmall/low/manysmall_partialViewing_low_banana4.png,./Experiment/Stimulus/objects/banana4.png,290490,manysmall
90,./Experiment/Stimulus/all_stim/occlusion/partialviewing/manysmall/low/manysmall_partialViewing_low_banana5.png,./Experiment/Stimulus/objects/banana5.png,288050,manysmall
91,./Experiment/Stimulus/all_stim/occlusion/partialviewing/manysmall/low/manysmall_partialViewing_low_cat9.png,./Experiment/Stimulus/objects/cat9.png,259281,manysmall
92,./Experiment/Stimulus/all_stim/occlusion/partialviewing/manysmall/low/manysmall_partialViewing_low_person1.png,./Experiment/Stimulus/objects/person1.png,289495,manysmall
93,./Experiment/Stimulus/all_stim/occlusion/partialviewing/manysmall/low/manysmall_partialViewing_low_building5.png,./Experiment/Stimulus/objects/building5.png,247021,manysmall
94,./Experiment/Stimulus/all_stim/occlusion/partialviewing/manysmall/low/manysmall_partialViewing_low_firehydrant9.png,./Experiment/Stimulus/objects/firehydrant9.png,315467,manysmall
95,./Experiment/Stimulus/all_stim/occlusion/partialviewing/manysmall/low/manysmall_partialViewing_low_tree9.png,./Experiment/Stimulus/objects/tree9.png,308047,manysmall
96,./Experiment/Stimulus/all_stim/occlusion/partialviewing/manysmall/low/manysmall_partialViewing_low_tree8.png,./Experiment/Stimulus/objects/tree8.png,231971,manysmall
97,./Experiment/Stimulus/all_stim/occlusion/partialviewing/manysmall/low/manysmall_partialViewing_low_building4.png,./Experiment/Stimulus/objects/building4.png,316716,manysmall
98,./Experiment/Stimulus/all_stim/occlusion/partialviewing/manysmall/low/manysmall_partialViewing_low_firehydrant8.png,./Experiment/Stimulus/objects/firehydrant8.png,281925,manysmall
99,./Experiment/Stimulus/all_stim/occlusion/partialviewing/manysmall/low/manysmall_partialViewing_low_person2.png,./Experiment/Stimulus/objects/person2.png,300003,manysmall
100,./Experiment/Stimulus/all_stim/occlusion/partialviewing/manysmall/low/manysmall_partialViewing_low_building6.png,./Experiment/Stimulus/objects/building6.png,263609,manysmall
101,./Experiment/Stimulus/all_stim/occlusion/partialviewing/manysmall/low/manysmall_partialViewing_low_building7.png,./Experiment/Stimulus/objects/building7.png,255126,manysmall
102,./Experiment/Stimulus/all_stim/occlusion/partialviewing/manysmall/low/manysmall_partialViewing_low_bus10.png,./Experiment/Stimulus/objects/bus10.png,239189,manysmall
103,./Experiment/Stimulus/all_stim/occlusion/partialviewing/manysmall/low/manysmall_partialViewing_low_person3.png,./Experiment/Stimulus/objects/person3.png,295153,manysmall
104,./Experiment/Stimulus/all_stim/occlusion/partialviewing/manysmall/low/manysmall_partialViewing_low_firehydrant10.png,./Experiment/Stimulus/objects/firehydrant10.png,286670,manysmall
105,./Experiment/Stimulus/all_stim/occlusion/partialviewing/manysmall/low/manysmall_partialViewing_low_person7.png,./Experiment/Stimulus/objects/person7.png,304122,manysmall
106,./Experiment/Stimulus/all_stim/occlusion/partialviewing/manysmall/low/manysmall_partialViewing_low_building3.png,./Experiment/Stimulus/objects/building3.png,242961,manysmall
107,./Experiment/Stimulus/all_stim/occlusion/partialviewing/manysmall/low/manysmall_partialViewing_low_building2.png,./Experiment/Stimulus/objects/building2.png,253395,manysmall
108,./Experiment/Stimulus/all_stim/occlusion/partialviewing/manysmall/low/manysmall_partialViewing_low_person6.png,./Experiment/Stimulus/objects/person6.png,342142,manysmall
109,./Experiment/Stimulus/all_stim/occlusion/partialviewing/manysmall/low/manysmall_partialViewing_low_tree10.png,./Experiment/Stimulus/objects/tree10.png,278567,manysmall
110,./Experiment/Stimulus/all_stim/occlusion/partialviewing/manysmall/low/manysmall_partialViewing_low_person4.png,./Experiment/Stimulus/objects/person4.png,282648,manysmall
111,./Experiment/Stimulus/all_stim/occlusion/partialviewing/manysmall/low/manysmall_partialViewing_low_bus8.png,./Experiment/Stimulus/objects/bus8.png,257949,manysmall
112,./Experiment/Stimulus/all_stim/occlusion/partialviewing/manysmall/low/manysmall_partialViewing_low_bird9.png,./Experiment/Stimulus/objects/bird9.png,284746,manysmall
113,./Experiment/Stimulus/all_stim/occlusion/partialviewing/manysmall/low/manysmall_partialViewing_low_bird8.png,./Experiment/Stimulus/objects/bird8.png,252890,manysmall
114,./Experiment/Stimulus/all_stim/occlusion/partialviewing/manysmall/low/manysmall_partialViewing_low_building1.png,./Experiment/Stimulus/objects/building1.png,258816,manysmall
115,./Experiment/Stimulus/all_stim/occlusion/partialviewing/manysmall/low/manysmall_partialViewing_low_bus9.png,./Experiment/Stimulus/objects/bus9.png,222114,manysmall
116,./Experiment/Stimulus/all_stim/occlusion/partialviewing/manysmall/low/manysmall_partialViewing_low_person5.png,./Experiment/Stimulus/objects/person5.png,350365,manysmall
117,./Experiment/Stimulus/all_stim/occlusion/partialviewing/manysmall/low/manysmall_partialViewing_low_person8.png,./Experiment/Stimulus/objects/person8.png,333336,manysmall
118,./Experiment/Stimulus/all_stim/occlusion/partialviewing/manysmall/low/manysmall_partialViewing_low_bus4.png,./Experiment/Stimulus/objects/bus4.png,320038,manysmall
119,./Experiment/Stimulus/all_stim/occlusion/partialviewing/manysmall/low/manysmall_partialViewing_low_bird5.png,./Experiment/Stimulus/objects/bird5.png,307030,manysmall
120,./Experiment/Stimulus/all_stim/occlusion/partialviewing/manysmall/low/manysmall_partialViewing_low_bird4.png,./Experiment/Stimulus/objects/bird4.png,325408,manysmall
121,./Experiment/Stimulus/all_stim/occlusion/partialviewing/manysmall/low/manysmall_partialViewing_low_tree1.png,./Experiment/Stimulus/objects/tree1.png,315215,manysmall
122,./Experiment/Stimulus/all_stim/occlusion/partialviewing/manysmall/low/manysmall_partialViewing_low_firehydrant1.png,./Experiment/Stimulus/objects/firehydrant1.png,288054,manysmall
123,./Experiment/Stimulus/all_stim/occlusion/partialviewing/manysmall/low/manysmall_partialViewing_low_bird10.png,./Experiment/Stimulus/objects/bird10.png,301084,manysmall
124,./Experiment/Stimulus/all_stim/occlusion/partialviewing/manysmall/low/manysmall_partialViewing_low_bus5.png,./Experiment/Stimulus/objects/bus5.png,355565,manysmall
125,./Experiment/Stimulus/all_stim/occlusion/partialviewing/manysmall/low/manysmall_partialViewing_low_person9.png,./Experiment/Stimulus/objects/person9.png,284706,manysmall
126,./Experiment/Stimulus/all_stim/occlusion/partialviewing/manysmall/low/manysmall_partialViewing_low_bus7.png,./Experiment/Stimulus/objects/bus7.png,245675,manysmall
127,./Experiment/Stimulus/all_stim/occlusion/partialviewing/manysmall/low/manysmall_partialViewing_low_firehydrant3.png,./Experiment/Stimulus/objects/firehydrant3.png,271966,manysmall
128,./Experiment/Stimulus/all_stim/occlusion/partialviewing/manysmall/low/manysmall_partialViewing_low_tree3.png,./Experiment/Stimulus/objects/tree3.png,319010,manysmall
129,./Experiment/Stimulus/all_stim/occlusion/partialviewing/manysmall/low/manysmall_partialViewing_low_bird6.png,./Experiment/Stimulus/objects/bird6.png,304220,manysmall
130,./Experiment/Stimulus/all_stim/occlusion/partialviewing/manysmall/low/manysmall_partialViewing_low_bird7.png,./Experiment/Stimulus/objects/bird7.png,229551,manysmall
131,./Experiment/Stimulus/all_stim/occlusion/partialviewing/manysmall/low/manysmall_partialViewing_low_tree2.png,./Experiment/Stimulus/objects/tree2.png,275807,manysmall
132,./Experiment/Stimulus/all_stim/occlusion/partialviewing/manysmall/low/manysmall_partialViewing_low_building10.png,./Experiment/Stimulus/objects/building10.png,357336,manysmall
133,./Experiment/Stimulus/all_stim/occlusion/partialviewing/manysmall/low/manysmall_partialViewing_low_firehydrant2.png,./Experiment/Stimulus/objects/firehydrant2.png,336082,manysmall
134,./Experiment/Stimulus/all_stim/occlusion/partialviewing/manysmall/low/manysmall_partialViewing_low_bus6.png,./Experiment/Stimulus/objects/bus6.png,279535,manysmall
135,./Experiment/Stimulus/all_stim/occlusion/partialviewing/manysmall/low/manysmall_partialViewing_low_bus2.png,./Experiment/Stimulus/objects/bus2.png,290977,manysmall
136,./Experiment/Stimulus/all_stim/occlusion/partialviewing/manysmall/low/manysmall_partialViewing_low_firehydrant6.png,./Experiment/Stimulus/objects/firehydrant6.png,295476,manysmall
137,./Experiment/Stimulus/all_stim/occlusion/partialviewing/manysmall/low/manysmall_partialViewing_low_tree6.png,./Experiment/Stimulus/objects/tree6.png,298060,manysmall
138,./Experiment/Stimulus/all_stim/occlusion/partialviewing/manysmall/low/manysmall_partialViewing_low_bird3.png,./Experiment/Stimulus/objects/bird3.png,262939,manysmall
139,./Experiment/Stimulus/all_stim/occlusion/partialviewing/manysmall/low/manysmall_partialViewing_low_bird2.png,./Experiment/Stimulus/objects/bird2.png,270035,manysmall
140,./Experiment/Stimulus/all_stim/occlusion/partialviewing/manysmall/low/manysmall_partialViewing_low_tree7.png,./Experiment/Stimulus/objects/tree7.png,354268,manysmall
141,./Experiment/Stimulus/all_stim/occlusion/partialviewing/manysmall/low/manysmall_partialViewing_low_firehydrant7.png,./Experiment/Stimulus/objects/firehydrant7.png,253465,manysmall
142,./Experiment/Stimulus/all_stim/occlusion/partialviewing/manysmall/low/manysmall_partialViewing_low_bus3.png,./Experiment/Stimulus/objects/bus3.png,304162,manysmall
143,./Experiment/Stimulus/all_stim/occlusion/partialviewing/manysmall/low/manysmall_partialViewing_low_bus1.png,./Experiment/Stimulus/objects/bus1.png,272149,manysmall
144,./Experiment/Stimulus/all_stim/occlusion/partialviewing/manysmall/low/manysmall_partialViewing_low_building9.png,./Experiment/Stimulus/objects/building9.png,258648,manysmall
145,./Experiment/Stimulus/all_stim/occlusion/partialviewing/manysmall/low/manysmall_partialViewing_low_firehydrant5.png,./Experiment/Stimulus/objects/firehydrant5.png,299766,manysmall
146,./Experiment/Stimulus/all_stim/occlusion/partialviewing/manysmall/low/manysmall_partialViewing_low_tree5.png,./Experiment/Stimulus/objects/tree5.png,291261,manysmall
147,./Experiment/Stimulus/all_stim/occlusion/partialviewing/manysmall/low/manysmall_partialViewing_low_bird1.png,./Experiment/Stimulus/objects/bird1.png,292358,manysmall
148,./Experiment/Stimulus/all_stim/occlusion/partialviewing/manysmall/low/manysmall_partialViewing_low_tree4.png,./Experiment/Stimulus/objects/tree4.png,327719,manysmall
149,./Experiment/Stimulus/all_stim/occlusion/partialviewing/manysmall/low/manysmall_partialViewing_low_building8.png,./Experiment/Stimulus/objects/building8.png,269453,manysmall
150,./Experiment/Stimulus/all_stim/occlusion/partialviewing/manysmall/low/manysmall_partialViewing_low_firehydrant4.png,./Experiment/Stimulus/objects/firehydrant4.png,327973,manysmall
151,./Experiment/Stimulus/all_stim/occlusion/partialviewing/manysmall/low/manysmall_partialViewing_low_cat4.png,./Experiment/Stimulus/objects/cat4.png,294947,manysmall
152,./Experiment/Stimulus/all_stim/occlusion/partialviewing/manysmall/low/manysmall_partialViewing_low_banana8.png,./Experiment/Stimulus/objects/banana8.png,252172,manysmall
153,./Experiment/Stimulus/all_stim/occlusion/partialviewing/manysmall/low/manysmall_partialViewing_low_banana9.png,./Experiment/Stimulus/objects/banana9.png,299656,manysmall
154,./Experiment/Stimulus/all_stim/occlusion/partialviewing/manysmall/low/manysmall_partialViewing_low_cat5.png,./Experiment/Stimulus/objects/cat5.png,285730,manysmall
155,./Experiment/Stimulus/all_stim/occlusion/partialviewing/manysmall/low/manysmall_partialViewing_low_cat7.png,./Experiment/Stimulus/objects/cat7.png,334254,manysmall
156,./Experiment/Stimulus/all_stim/occlusion/partialviewing/manysmall/low/manysmall_partialViewing_low_cat6.png,./Experiment/Stimulus/objects/cat6.png,257263,manysmall
157,./Experiment/Stimulus/all_stim/occlusion/partialviewing/manysmall/low/manysmall_partialViewing_low_cat2.png,./Experiment/Stimulus/objects/cat2.png,289839,manysmall
158,./Experiment/Stimulus/all_stim/occlusion/partialviewing/manysmall/low/manysmall_partialViewing_low_cat3.png,./Experiment/Stimulus/objects/cat3.png,302103,manysmall
159,./Experiment/Stimulus/all_stim/occlusion/partialviewing/manysmall/low/manysmall_partialViewing_low_cat1.png,./Experiment/Stimulus/objects/cat1.png,293673,manysmall
160,./Experiment/Stimulus/all_stim/occlusion/partialviewing/manysmall/control/manysmall_partialViewing_control_tree2.png,./Experiment/Stimulus/objects/tree2.png,249426,manysmall
161,./Experiment/Stimulus/all_stim/occlusion/partialviewing/manysmall/control/manysmall_partialViewing_control_bus8.png,./Experiment/Stimulus/objects/bus8.png,255676,manysmall
162,./Experiment/Stimulus/all_stim/occlusion/partialviewing/manysmall/control/manysmall_partialViewing_control_firehydrant8.png,./Experiment/Stimulus/objects/firehydrant8.png,306210,manysmall
163,./Experiment/Stimulus/all_stim/occlusion/partialviewing/manysmall/control/manysmall_partialViewing_control_bird7.png,./Experiment/Stimulus/objects/bird7.png,252980,manysmall
164,./Experiment/Stimulus/all_stim/occlusion/partialviewing/manysmall/control/manysmall_partialViewing_control_banana4.png,./Experiment/Stimulus/objects/banana4.png,269036,manysmall
165,./Experiment/Stimulus/all_stim/occlusion/partialviewing/manysmall/control/manysmall_partialViewing_control_banana5.png,./Experiment/Stimulus/objects/banana5.png,292093,manysmall
166,./Experiment/Stimulus/all_stim/occlusion/partialviewing/manysmall/control/manysmall_partialViewing_control_banana10.png,./Experiment/Stimulus/objects/banana10.png,318052,manysmall
167,./Experiment/Stimulus/all_stim/occlusion/partialviewing/manysmall/control/manysmall_partialViewing_control_bird6.png,./Experiment/Stimulus/objects/bird6.png,293107,manysmall
168,./Experiment/Stimulus/all_stim/occlusion/partialviewing/manysmall/control/manysmall_partialViewing_control_firehydrant9.png,./Experiment/Stimulus/objects/firehydrant9.png,295937,manysmall
169,./Experiment/Stimulus/all_stim/occlusion/partialviewing/manysmall/control/manysmall_partialViewing_control_bus9.png,./Experiment/Stimulus/objects/bus9.png,273634,manysmall
170,./Experiment/Stimulus/all_stim/occlusion/partialviewing/manysmall/control/manysmall_partialViewing_control_tree3.png,./Experiment/Stimulus/objects/tree3.png,273120,manysmall
171,./Experiment/Stimulus/all_stim/occlusion/partialviewing/manysmall/control/manysmall_partialViewing_control_tree1.png,./Experiment/Stimulus/objects/tree1.png,355853,manysmall
172,./Experiment/Stimulus/all_stim/occlusion/partialviewing/manysmall/control/manysmall_partialViewing_control_bird4.png,./Experiment/Stimulus/objects/bird4.png,265526,manysmall
173,./Experiment/Stimulus/all_stim/occlusion/partialviewing/manysmall/control/manysmall_partialViewing_control_banana7.png,./Experiment/Stimulus/objects/banana7.png,253356,manysmall
174,./Experiment/Stimulus/all_stim/occlusion/partialviewing/manysmall/control/manysmall_partialViewing_control_banana6.png,./Experiment/Stimulus/objects/banana6.png,273651,manysmall
175,./Experiment/Stimulus/all_stim/occlusion/partialviewing/manysmall/control/manysmall_partialViewing_control_bird5.png,./Experiment/Stimulus/objects/bird5.png,335040,manysmall
176,./Experiment/Stimulus/all_stim/occlusion/partialviewing/manysmall/control/manysmall_partialViewing_control_tree4.png,./Experiment/Stimulus/objects/tree4.png,260631,manysmall
177,./Experiment/Stimulus/all_stim/occlusion/partialviewing/manysmall/control/manysmall_partialViewing_control_bird1.png,./Experiment/Stimulus/objects/bird1.png,257175,manysmall
178,./Experiment/Stimulus/all_stim/occlusion/partialviewing/manysmall/control/manysmall_partialViewing_control_banana2.png,./Experiment/Stimulus/objects/banana2.png,284654,manysmall
179,./Experiment/Stimulus/all_stim/occlusion/partialviewing/manysmall/control/manysmall_partialViewing_control_banana3.png,./Experiment/Stimulus/objects/banana3.png,306667,manysmall
180,./Experiment/Stimulus/all_stim/occlusion/partialviewing/manysmall/control/manysmall_partialViewing_control_person10.png,./Experiment/Stimulus/objects/person10.png,292131,manysmall
181,./Experiment/Stimulus/all_stim/occlusion/partialviewing/manysmall/control/manysmall_partialViewing_control_tree5.png,./Experiment/Stimulus/objects/tree5.png,281368,manysmall
182,./Experiment/Stimulus/all_stim/occlusion/partialviewing/manysmall/control/manysmall_partialViewing_control_tree7.png,./Experiment/Stimulus/objects/tree7.png,303759,manysmall
183,./Experiment/Stimulus/all_stim/occlusion/partialviewing/manysmall/control/manysmall_partialViewing_control_bird2.png,./Experiment/Stimulus/objects/bird2.png,284677,manysmall
184,./Experiment/Stimulus/all_stim/occlusion/partialviewing/manysmall/control/manysmall_partialViewing_control_banana1.png,./Experiment/Stimulus/objects/banana1.png,271853,manysmall
185,./Experiment/Stimulus/all_stim/occlusion/partialviewing/manysmall/control/manysmall_partialViewing_control_bird3.png,./Experiment/Stimulus/objects/bird3.png,287939,manysmall
186,./Experiment/Stimulus/all_stim/occlusion/partialviewing/manysmall/control/manysmall_partialViewing_control_tree6.png,./Experiment/Stimulus/objects/tree6.png,326316,manysmall
187,./Experiment/Stimulus/all_stim/occlusion/partialviewing/manysmall/control/manysmall_partialViewing_control_cat8.png,./Experiment/Stimulus/objects/cat8.png,283411,manysmall
188,./Experiment/Stimulus/all_stim/occlusion/partialviewing/manysmall/control/manysmall_partialViewing_control_person4.png,./Experiment/Stimulus/objects/person4.png,320084,manysmall
189,./Experiment/Stimulus/all_stim/occlusion/partialviewing/manysmall/control/manysmall_partialViewing_control_person5.png,./Experiment/Stimulus/objects/person5.png,363581,manysmall
190,./Experiment/Stimulus/all_stim/occlusion/partialviewing/manysmall/control/manysmall_partialViewing_control_cat9.png,./Experiment/Stimulus/objects/cat9.png,236472,manysmall
191,./Experiment/Stimulus/all_stim/occlusion/partialviewing/manysmall/control/manysmall_partialViewing_control_person7.png,./Experiment/Stimulus/objects/person7.png,320633,manysmall
192,./Experiment/Stimulus/all_stim/occlusion/partialviewing/manysmall/control/manysmall_partialViewing_control_person6.png,./Experiment/Stimulus/objects/person6.png,267313,manysmall
193,./Experiment/Stimulus/all_stim/occlusion/partialviewing/manysmall/control/manysmall_partialViewing_control_building9.png,./Experiment/Stimulus/objects/building9.png,324449,manysmall
194,./Experiment/Stimulus/all_stim/occlusion/partialviewing/manysmall/control/manysmall_partialViewing_control_person2.png,./Experiment/Stimulus/objects/person2.png,354458,manysmall
195,./Experiment/Stimulus/all_stim/occlusion/partialviewing/manysmall/control/manysmall_partialViewing_control_person3.png,./Experiment/Stimulus/objects/person3.png,303243,manysmall
196,./Experiment/Stimulus/all_stim/occlusion/partialviewing/manysmall/control/manysmall_partialViewing_control_building8.png,./Experiment/Stimulus/objects/building8.png,313300,manysmall
197,./Experiment/Stimulus/all_stim/occlusion/partialviewing/manysmall/control/manysmall_partialViewing_control_firehydrant10.png,./Experiment/Stimulus/objects/firehydrant10.png,327115,manysmall
198,./Experiment/Stimulus/all_stim/occlusion/partialviewing/manysmall/control/manysmall_partialViewing_control_bird10.png,./Experiment/Stimulus/objects/bird10.png,290920,manysmall
199,./Experiment/Stimulus/all_stim/occlusion/partialviewing/manysmall/control/manysmall_partialViewing_control_person1.png,./Experiment/Stimulus/objects/person1.png,293123,manysmall
200,./Experiment/Stimulus/all_stim/occlusion/partialviewing/manysmall/control/manysmall_partialViewing_control_cat1.png,./Experiment/Stimulus/objects/cat1.png,254660,manysmall
201,./Experiment/Stimulus/all_stim/occlusion/partialviewing/manysmall/control/manysmall_partialViewing_control_building6.png,./Experiment/Stimulus/objects/building6.png,248368,manysmall
202,./Experiment/Stimulus/all_stim/occlusion/partialviewing/manysmall/control/manysmall_partialViewing_control_building7.png,./Experiment/Stimulus/objects/building7.png,263778,manysmall
203,./Experiment/Stimulus/all_stim/occlusion/partialviewing/manysmall/control/manysmall_partialViewing_control_cat10.png,./Experiment/Stimulus/objects/cat10.png,303163,manysmall
204,./Experiment/Stimulus/all_stim/occlusion/partialviewing/manysmall/control/manysmall_partialViewing_control_tree10.png,./Experiment/Stimulus/objects/tree10.png,321356,manysmall
205,./Experiment/Stimulus/all_stim/occlusion/partialviewing/manysmall/control/manysmall_partialViewing_control_cat2.png,./Experiment/Stimulus/objects/cat2.png,331101,manysmall
206,./Experiment/Stimulus/all_stim/occlusion/partialviewing/manysmall/control/manysmall_partialViewing_control_building5.png,./Experiment/Stimulus/objects/building5.png,301584,manysmall
207,./Experiment/Stimulus/all_stim/occlusion/partialviewing/manysmall/control/manysmall_partialViewing_control_building4.png,./Experiment/Stimulus/objects/building4.png,302574,manysmall
208,./Experiment/Stimulus/all_stim/occlusion/partialviewing/manysmall/control/manysmall_partialViewing_control_building10.png,./Experiment/Stimulus/objects/building10.png,263868,manysmall
209,./Experiment/Stimulus/all_stim/occlusion/partialviewing/manysmall/control/manysmall_partialViewing_control_cat3.png,./Experiment/Stimulus/objects/cat3.png,301662,manysmall
210,./Experiment/Stimulus/all_stim/occlusion/partialviewing/manysmall/control/manysmall_partialViewing_control_cat7.png,./Experiment/Stimulus/objects/cat7.png,285806,manysmall
211,./Experiment/Stimulus/all_stim/occlusion/partialviewing/manysmall/control/manysmall_partialViewing_control_building1.png,./Experiment/Stimulus/objects/building1.png,255397,manysmall
212,./Experiment/Stimulus/all_stim/occlusion/partialviewing/manysmall/control/manysmall_partialViewing_control_cat6.png,./Experiment/Stimulus/objects/cat6.png,281945,manysmall
213,./Experiment/Stimulus/all_stim/occlusion/partialviewing/manysmall/control/manysmall_partialViewing_control_cat4.png,./Experiment/Stimulus/objects/cat4.png,281237,manysmall
214,./Experiment/Stimulus/all_stim/occlusion/partialviewing/manysmall/control/manysmall_partialViewing_control_building3.png,./Experiment/Stimulus/objects/building3.png,247554,manysmall
215,./Experiment/Stimulus/all_stim/occlusion/partialviewing/manysmall/control/manysmall_partialViewing_control_person8.png,./Experiment/Stimulus/objects/person8.png,347222,manysmall
216,./Experiment/Stimulus/all_stim/occlusion/partialviewing/manysmall/control/manysmall_partialViewing_control_person9.png,./Experiment/Stimulus/objects/person9.png,309002,manysmall
217,./Experiment/Stimulus/all_stim/occlusion/partialviewing/manysmall/control/manysmall_partialViewing_control_building2.png,./Experiment/Stimulus/objects/building2.png,268097,manysmall
218,./Experiment/Stimulus/all_stim/occlusion/partialviewing/manysmall/control/manysmall_partialViewing_control_cat5.png,./Experiment/Stimulus/objects/cat5.png,266905,manysmall
219,./Experiment/Stimulus/all_stim/occlusion/partialviewing/manysmall/control/manysmall_partialViewing_control_bus1.png,./Experiment/Stimulus/objects/bus1.png,360265,manysmall
220,./Experiment/Stimulus/all_stim/occlusion/partialviewing/manysmall/control/manysmall_partialViewing_control_firehydrant1.png,./Experiment/Stimulus/objects/firehydrant1.png,287466,manysmall
221,./Experiment/Stimulus/all_stim/occlusion/partialviewing/manysmall/control/manysmall_partialViewing_control_bus10.png,./Experiment/Stimulus/objects/bus10.png,281175,manysmall
222,./Experiment/Stimulus/all_stim/occlusion/partialviewing/manysmall/control/manysmall_partialViewing_control_tree8.png,./Experiment/Stimulus/objects/tree8.png,256705,manysmall
223,./Experiment/Stimulus/all_stim/occlusion/partialviewing/manysmall/control/manysmall_partialViewing_control_bus2.png,./Experiment/Stimulus/objects/bus2.png,306426,manysmall
224,./Experiment/Stimulus/all_stim/occlusion/partialviewing/manysmall/control/manysmall_partialViewing_control_firehydrant2.png,./Experiment/Stimulus/objects/firehydrant2.png,319218,manysmall
225,./Experiment/Stimulus/all_stim/occlusion/partialviewing/manysmall/control/manysmall_partialViewing_control_firehydrant3.png,./Experiment/Stimulus/objects/firehydrant3.png,258348,manysmall
226,./Experiment/Stimulus/all_stim/occlusion/partialviewing/manysmall/control/manysmall_partialViewing_control_bus3.png,./Experiment/Stimulus/objects/bus3.png,317532,manysmall
227,./Experiment/Stimulus/all_stim/occlusion/partialviewing/manysmall/control/manysmall_partialViewing_control_tree9.png,./Experiment/Stimulus/objects/tree9.png,317419,manysmall
228,./Experiment/Stimulus/all_stim/occlusion/partialviewing/manysmall/control/manysmall_partialViewing_control_bus7.png,./Experiment/Stimulus/objects/bus7.png,269890,manysmall
229,./Experiment/Stimulus/all_stim/occlusion/partialviewing/manysmall/control/manysmall_partialViewing_control_firehydrant7.png,./Experiment/Stimulus/objects/firehydrant7.png,303324,manysmall
230,./Experiment/Stimulus/all_stim/occlusion/partialviewing/manysmall/control/manysmall_partialViewing_control_bird8.png,./Experiment/Stimulus/objects/bird8.png,257229,manysmall
231,./Experiment/Stimulus/all_stim/occlusion/partialviewing/manysmall/control/manysmall_partialViewing_control_bird9.png,./Experiment/Stimulus/objects/bird9.png,320654,manysmall
232,./Experiment/Stimulus/all_stim/occlusion/partialviewing/manysmall/control/manysmall_partialViewing_control_firehydrant6.png,./Experiment/Stimulus/objects/firehydrant6.png,286087,manysmall
233,./Experiment/Stimulus/all_stim/occlusion/partialviewing/manysmall/control/manysmall_partialViewing_control_bus6.png,./Experiment/Stimulus/objects/bus6.png,265468,manysmall
234,./Experiment/Stimulus/all_stim/occlusion/partialviewing/manysmall/control/manysmall_partialViewing_control_bus4.png,./Experiment/Stimulus/objects/bus4.png,311536,manysmall
235,./Experiment/Stimulus/all_stim/occlusion/partialviewing/manysmall/control/manysmall_partialViewing_control_firehydrant4.png,./Experiment/Stimulus/objects/firehydrant4.png,302131,manysmall
236,./Experiment/Stimulus/all_stim/occlusion/partialviewing/manysmall/control/manysmall_partialViewing_control_banana8.png,./Experiment/Stimulus/objects/banana8.png,254425,manysmall
237,./Experiment/Stimulus/all_stim/occlusion/partialviewing/manysmall/control/manysmall_partialViewing_control_banana9.png,./Experiment/Stimulus/objects/banana9.png,364245,manysmall
238,./Experiment/Stimulus/all_stim/occlusion/partialviewing/manysmall/control/manysmall_partialViewing_control_firehydrant5.png,./Experiment/Stimulus/objects/firehydrant5.png,282408,manysmall
239,./Experiment/Stimulus/all_stim/occlusion/partialviewing/manysmall/control/manysmall_partialViewing_control_bus5.png,./Experiment/Stimulus/objects/bus5.png,254389,manysmall
240,./Experiment/Stimulus/all_stim/occlusion/partialviewing/fewlarge/high/fewlarge_partialViewing_high_cat9.png,./Experiment/Stimulus/objects/cat9.png,299151,fewlarge
241,./Experiment/Stimulus/all_stim/occlusion/partialviewing/fewlarge/high/fewlarge_partialViewing_high_banana9.png,./Experiment/Stimulus/objects/banana9.png,331756,fewlarge
242,./Experiment/Stimulus/all_stim/occlusion/partialviewing/fewlarge/high/fewlarge_partialViewing_high_banana8.png,./Experiment/Stimulus/objects/banana8.png,254951,fewlarge
243,./Experiment/Stimulus/all_stim/occlusion/partialviewing/fewlarge/high/fewlarge_partialViewing_high_cat8.png,./Experiment/Stimulus/objects/cat8.png,198196,fewlarge
244,./Experiment/Stimulus/all_stim/occlusion/partialviewing/fewlarge/high/fewlarge_partialViewing_high_tree10.png,./Experiment/Stimulus/objects/tree10.png,417590,fewlarge
245,./Experiment/Stimulus/all_stim/occlusion/partialviewing/fewlarge/high/fewlarge_partialViewing_high_person9.png,./Experiment/Stimulus/objects/person9.png,337469,fewlarge
246,./Experiment/Stimulus/all_stim/occlusion/partialviewing/fewlarge/high/fewlarge_partialViewing_high_bus9.png,./Experiment/Stimulus/objects/bus9.png,295602,fewlarge
247,./Experiment/Stimulus/all_stim/occlusion/partialviewing/fewlarge/high/fewlarge_partialViewing_high_bird3.png,./Experiment/Stimulus/objects/bird3.png,279860,fewlarge
248,./Experiment/Stimulus/all_stim/occlusion/partialviewing/fewlarge/high/fewlarge_partialViewing_high_tree6.png,./Experiment/Stimulus/objects/tree6.png,414378,fewlarge
249,./Experiment/Stimulus/all_stim/occlusion/partialviewing/fewlarge/high/fewlarge_partialViewing_high_firehydrant9.png,./Experiment/Stimulus/objects/firehydrant9.png,284825,fewlarge
250,./Experiment/Stimulus/all_stim/occlusion/partialviewing/fewlarge/high/fewlarge_partialViewing_high_building6.png,./Experiment/Stimulus/objects/building6.png,304177,fewlarge
251,./Experiment/Stimulus/all_stim/occlusion/partialviewing/fewlarge/high/fewlarge_partialViewing_high_building7.png,./Experiment/Stimulus/objects/building7.png,214997,fewlarge
252,./Experiment/Stimulus/all_stim/occlusion/partialviewing/fewlarge/high/fewlarge_partialViewing_high_firehydrant8.png,./Experiment/Stimulus/objects/firehydrant8.png,412086,fewlarge
253,./Experiment/Stimulus/all_stim/occlusion/partialviewing/fewlarge/high/fewlarge_partialViewing_high_tree7.png,./Experiment/Stimulus/objects/tree7.png,244830,fewlarge
254,./Experiment/Stimulus/all_stim/occlusion/partialviewing/fewlarge/high/fewlarge_partialViewing_high_bird2.png,./Experiment/Stimulus/objects/bird2.png,303817,fewlarge
255,./Experiment/Stimulus/all_stim/occlusion/partialviewing/fewlarge/high/fewlarge_partialViewing_high_bus8.png,./Experiment/Stimulus/objects/bus8.png,332414,fewlarge
256,./Experiment/Stimulus/all_stim/occlusion/partialviewing/fewlarge/high/fewlarge_partialViewing_high_person8.png,./Experiment/Stimulus/objects/person8.png,339549,fewlarge
257,./Experiment/Stimulus/all_stim/occlusion/partialviewing/fewlarge/high/fewlarge_partialViewing_high_tree5.png,./Experiment/Stimulus/objects/tree5.png,329116,fewlarge
258,./Experiment/Stimulus/all_stim/occlusion/partialviewing/fewlarge/high/fewlarge_partialViewing_high_building5.png,./Experiment/Stimulus/objects/building5.png,400910,fewlarge
259,./Experiment/Stimulus/all_stim/occlusion/partialviewing/fewlarge/high/fewlarge_partialViewing_high_building4.png,./Experiment/Stimulus/objects/building4.png,218576,fewlarge
260,./Experiment/Stimulus/all_stim/occlusion/partialviewing/fewlarge/high/fewlarge_partialViewing_high_tree4.png,./Experiment/Stimulus/objects/tree4.png,299056,fewlarge
261,./Experiment/Stimulus/all_stim/occlusion/partialviewing/fewlarge/high/fewlarge_partialViewing_high_bird1.png,./Experiment/Stimulus/objects/bird1.png,312767,fewlarge
262,./Experiment/Stimulus/all_stim/occlusion/partialviewing/fewlarge/high/fewlarge_partialViewing_high_bird5.png,./Experiment/Stimulus/objects/bird5.png,270346,fewlarge
263,./Experiment/Stimulus/all_stim/occlusion/partialviewing/fewlarge/high/fewlarge_partialViewing_high_building1.png,./Experiment/Stimulus/objects/building1.png,195838,fewlarge
264,./Experiment/Stimulus/all_stim/occlusion/partialviewing/fewlarge/high/fewlarge_partialViewing_high_tree1.png,./Experiment/Stimulus/objects/tree1.png,405693,fewlarge
265,./Experiment/Stimulus/all_stim/occlusion/partialviewing/fewlarge/high/fewlarge_partialViewing_high_bird4.png,./Experiment/Stimulus/objects/bird4.png,310530,fewlarge
266,./Experiment/Stimulus/all_stim/occlusion/partialviewing/fewlarge/high/fewlarge_partialViewing_high_bird6.png,./Experiment/Stimulus/objects/bird6.png,416856,fewlarge
267,./Experiment/Stimulus/all_stim/occlusion/partialviewing/fewlarge/high/fewlarge_partialViewing_high_tree3.png,./Experiment/Stimulus/objects/tree3.png,202852,fewlarge
268,./Experiment/Stimulus/all_stim/occlusion/partialviewing/fewlarge/high/fewlarge_partialViewing_high_building3.png,./Experiment/Stimulus/objects/building3.png,262129,fewlarge
269,./Experiment/Stimulus/all_stim/occlusion/partialviewing/fewlarge/high/fewlarge_partialViewing_high_building2.png,./Experiment/Stimulus/objects/building2.png,355539,fewlarge
270,./Experiment/Stimulus/all_stim/occlusion/partialviewing/fewlarge/high/fewlarge_partialViewing_high_tree2.png,./Experiment/Stimulus/objects/tree2.png,300136,fewlarge
271,./Experiment/Stimulus/all_stim/occlusion/partialviewing/fewlarge/high/fewlarge_partialViewing_high_bird7.png,./Experiment/Stimulus/objects/bird7.png,386855,fewlarge
272,./Experiment/Stimulus/all_stim/occlusion/partialviewing/fewlarge/high/fewlarge_partialViewing_high_firehydrant1.png,./Experiment/Stimulus/objects/firehydrant1.png,369511,fewlarge
273,./Experiment/Stimulus/all_stim/occlusion/partialviewing/fewlarge/high/fewlarge_partialViewing_high_person1.png,./Experiment/Stimulus/objects/person1.png,332457,fewlarge
274,./Experiment/Stimulus/all_stim/occlusion/partialviewing/fewlarge/high/fewlarge_partialViewing_high_bus1.png,./Experiment/Stimulus/objects/bus1.png,338217,fewlarge
275,./Experiment/Stimulus/all_stim/occlusion/partialviewing/fewlarge/high/fewlarge_partialViewing_high_bus3.png,./Experiment/Stimulus/objects/bus3.png,391592,fewlarge
276,./Experiment/Stimulus/all_stim/occlusion/partialviewing/fewlarge/high/fewlarge_partialViewing_high_person3.png,./Experiment/Stimulus/objects/person3.png,325745,fewlarge
277,./Experiment/Stimulus/all_stim/occlusion/partialviewing/fewlarge/high/fewlarge_partialViewing_high_bird9.png,./Experiment/Stimulus/objects/bird9.png,317182,fewlarge
278,./Experiment/Stimulus/all_stim/occlusion/partialviewing/fewlarge/high/fewlarge_partialViewing_high_firehydrant3.png,./Experiment/Stimulus/objects/firehydrant3.png,223329,fewlarge
279,./Experiment/Stimulus/all_stim/occlusion/partialviewing/fewlarge/high/fewlarge_partialViewing_high_firehydrant2.png,./Experiment/Stimulus/objects/firehydrant2.png,365469,fewlarge
280,./Experiment/Stimulus/all_stim/occlusion/partialviewing/fewlarge/high/fewlarge_partialViewing_high_bird8.png,./Experiment/Stimulus/objects/bird8.png,377275,fewlarge
281,./Experiment/Stimulus/all_stim/occlusion/partialviewing/fewlarge/high/fewlarge_partialViewing_high_person2.png,./Experiment/Stimulus/objects/person2.png,228695,fewlarge
282,./Experiment/Stimulus/all_stim/occlusion/partialviewing/fewlarge/high/fewlarge_partialViewing_high_bus2.png,./Experiment/Stimulus/objects/bus2.png,255875,fewlarge
283,./Experiment/Stimulus/all_stim/occlusion/partialviewing/fewlarge/high/fewlarge_partialViewing_high_bus6.png,./Experiment/Stimulus/objects/bus6.png,253488,fewlarge
284,./Experiment/Stimulus/all_stim/occlusion/partialviewing/fewlarge/high/fewlarge_partialViewing_high_person6.png,./Experiment/Stimulus/objects/person6.png,413906,fewlarge
285,./Experiment/Stimulus/all_stim/occlusion/partialviewing/fewlarge/high/fewlarge_partialViewing_high_tree9.png,./Experiment/Stimulus/objects/tree9.png,371695,fewlarge
286,./Experiment/Stimulus/all_stim/occlusion/partialviewing/fewlarge/high/fewlarge_partialViewing_high_firehydrant6.png,./Experiment/Stimulus/objects/firehydrant6.png,253220,fewlarge
287,./Experiment/Stimulus/all_stim/occlusion/partialviewing/fewlarge/high/fewlarge_partialViewing_high_building9.png,./Experiment/Stimulus/objects/building9.png,289971,fewlarge
288,./Experiment/Stimulus/all_stim/occlusion/partialviewing/fewlarge/high/fewlarge_partialViewing_high_building8.png,./Experiment/Stimulus/objects/building8.png,224079,fewlarge
289,./Experiment/Stimulus/all_stim/occlusion/partialviewing/fewlarge/high/fewlarge_partialViewing_high_firehydrant7.png,./Experiment/Stimulus/objects/firehydrant7.png,311213,fewlarge
290,./Experiment/Stimulus/all_stim/occlusion/partialviewing/fewlarge/high/fewlarge_partialViewing_high_tree8.png,./Experiment/Stimulus/objects/tree8.png,206091,fewlarge
291,./Experiment/Stimulus/all_stim/occlusion/partialviewing/fewlarge/high/fewlarge_partialViewing_high_person7.png,./Experiment/Stimulus/objects/person7.png,321033,fewlarge
292,./Experiment/Stimulus/all_stim/occlusion/partialviewing/fewlarge/high/fewlarge_partialViewing_high_bus7.png,./Experiment/Stimulus/objects/bus7.png,347020,fewlarge
293,./Experiment/Stimulus/all_stim/occlusion/partialviewing/fewlarge/high/fewlarge_partialViewing_high_bus5.png,./Experiment/Stimulus/objects/bus5.png,347072,fewlarge
294,./Experiment/Stimulus/all_stim/occlusion/partialviewing/fewlarge/high/fewlarge_partialViewing_high_person5.png,./Experiment/Stimulus/objects/person5.png,345459,fewlarge
295,./Experiment/Stimulus/all_stim/occlusion/partialviewing/fewlarge/high/fewlarge_partialViewing_high_firehydrant5.png,./Experiment/Stimulus/objects/firehydrant5.png,407327,fewlarge
296,./Experiment/Stimulus/all_stim/occlusion/partialviewing/fewlarge/high/fewlarge_partialViewing_high_bus10.png,./Experiment/Stimulus/objects/bus10.png,232635,fewlarge
297,./Experiment/Stimulus/all_stim/occlusion/partialviewing/fewlarge/high/fewlarge_partialViewing_high_firehydrant4.png,./Experiment/Stimulus/objects/firehydrant4.png,398204,fewlarge
298,./Experiment/Stimulus/all_stim/occlusion/partialviewing/fewlarge/high/fewlarge_partialViewing_high_person4.png,./Experiment/Stimulus/objects/person4.png,324149,fewlarge
299,./Experiment/Stimulus/all_stim/occlusion/partialviewing/fewlarge/high/fewlarge_partialViewing_high_bus4.png,./Experiment/Stimulus/objects/bus4.png,188092,fewlarge
300,./Experiment/Stimulus/all_stim/occlusion/partialviewing/fewlarge/high/fewlarge_partialViewing_high_firehydrant10.png,./Experiment/Stimulus/objects/firehydrant10.png,233931,fewlarge
301,./Experiment/Stimulus/all_stim/occlusion/partialviewing/fewlarge/high/fewlarge_partialViewing_high_person10.png,./Experiment/Stimulus/objects/person10.png,336231,fewlarge
302,./Experiment/Stimulus/all_stim/occlusion/partialviewing/fewlarge/high/fewlarge_partialViewing_high_banana1.png,./Experiment/Stimulus/objects/banana1.png,303458,fewlarge
303,./Experiment/Stimulus/all_stim/occlusion/partialviewing/fewlarge/high/fewlarge_partialViewing_high_cat1.png,./Experiment/Stimulus/objects/cat1.png,303680,fewlarge
304,./Experiment/Stimulus/all_stim/occlusion/partialviewing/fewlarge/high/fewlarge_partialViewing_high_cat3.png,./Experiment/Stimulus/objects/cat3.png,251638,fewlarge
305,./Experiment/Stimulus/all_stim/occlusion/partialviewing/fewlarge/high/fewlarge_partialViewing_high_banana3.png,./Experiment/Stimulus/objects/banana3.png,434483,fewlarge
306,./Experiment/Stimulus/all_stim/occlusion/partialviewing/fewlarge/high/fewlarge_partialViewing_high_bird10.png,./Experiment/Stimulus/objects/bird10.png,440014,fewlarge
307,./Experiment/Stimulus/all_stim/occlusion/partialviewing/fewlarge/high/fewlarge_partialViewing_high_banana2.png,./Experiment/Stimulus/objects/banana2.png,275798,fewlarge
308,./Experiment/Stimulus/all_stim/occlusion/partialviewing/fewlarge/high/fewlarge_partialViewing_high_cat2.png,./Experiment/Stimulus/objects/cat2.png,247835,fewlarge
309,./Experiment/Stimulus/all_stim/occlusion/partialviewing/fewlarge/high/fewlarge_partialViewing_high_cat6.png,./Experiment/Stimulus/objects/cat6.png,280249,fewlarge
310,./Experiment/Stimulus/all_stim/occlusion/partialviewing/fewlarge/high/fewlarge_partialViewing_high_banana6.png,./Experiment/Stimulus/objects/banana6.png,277917,fewlarge
311,./Experiment/Stimulus/all_stim/occlusion/partialviewing/fewlarge/high/fewlarge_partialViewing_high_banana10.png,./Experiment/Stimulus/objects/banana10.png,319404,fewlarge
312,./Experiment/Stimulus/all_stim/occlusion/partialviewing/fewlarge/high/fewlarge_partialViewing_high_banana7.png,./Experiment/Stimulus/objects/banana7.png,225115,fewlarge
313,./Experiment/Stimulus/all_stim/occlusion/partialviewing/fewlarge/high/fewlarge_partialViewing_high_cat7.png,./Experiment/Stimulus/objects/cat7.png,395483,fewlarge
314,./Experiment/Stimulus/all_stim/occlusion/partialviewing/fewlarge/high/fewlarge_partialViewing_high_cat5.png,./Experiment/Stimulus/objects/cat5.png,320838,fewlarge
315,./Experiment/Stimulus/all_stim/occlusion/partialviewing/fewlarge/high/fewlarge_partialViewing_high_banana5.png,./Experiment/Stimulus/objects/banana5.png,402162,fewlarge
316,./Experiment/Stimulus/all_stim/occlusion/partialviewing/fewlarge/high/fewlarge_partialViewing_high_cat10.png,./Experiment/Stimulus/objects/cat10.png,188922,fewlarge
317,./Experiment/Stimulus/all_stim/occlusion/partialviewing/fewlarge/high/fewlarge_partialViewing_high_building10.png,./Experiment/Stimulus/objects/building10.png,361514,fewlarge
318,./Experiment/Stimulus/all_stim/occlusion/partialviewing/fewlarge/high/fewlarge_partialViewing_high_banana4.png,./Experiment/Stimulus/objects/banana4.png,332720,fewlarge
319,./Experiment/Stimulus/all_stim/occlusion/partialviewing/fewlarge/high/fewlarge_partialViewing_high_cat4.png,./Experiment/Stimulus/objects/cat4.png,247150,fewlarge
320,./Experiment/Stimulus/all_stim/occlusion/partialviewing/fewlarge/low/fewlarge_partialViewing_low_banana2.png,./Experiment/Stimulus/objects/banana2.png,282004,fewlarge
321,./Experiment/Stimulus/all_stim/occlusion/partialviewing/fewlarge/low/fewlarge_partialViewing_low_bus2.png,./Experiment/Stimulus/objects/bus2.png,377209,fewlarge
322,./Experiment/Stimulus/all_stim/occlusion/partialviewing/fewlarge/low/fewlarge_partialViewing_low_bus3.png,./Experiment/Stimulus/objects/bus3.png,203318,fewlarge
323,./Experiment/Stimulus/all_stim/occlusion/partialviewing/fewlarge/low/fewlarge_partialViewing_low_banana3.png,./Experiment/Stimulus/objects/banana3.png,323524,fewlarge
324,./Experiment/Stimulus/all_stim/occlusion/partialviewing/fewlarge/low/fewlarge_partialViewing_low_banana1.png,./Experiment/Stimulus/objects/banana1.png,203935,fewlarge
325,./Experiment/Stimulus/all_stim/occlusion/partialviewing/fewlarge/low/fewlarge_partialViewing_low_bus1.png,./Experiment/Stimulus/objects/bus1.png,325973,fewlarge
326,./Experiment/Stimulus/all_stim/occlusion/partialviewing/fewlarge/low/fewlarge_partialViewing_low_bird10.png,./Experiment/Stimulus/objects/bird10.png,379161,fewlarge
327,./Experiment/Stimulus/all_stim/occlusion/partialviewing/fewlarge/low/fewlarge_partialViewing_low_banana4.png,./Experiment/Stimulus/objects/banana4.png,270217,fewlarge
328,./Experiment/Stimulus/all_stim/occlusion/partialviewing/fewlarge/low/fewlarge_partialViewing_low_bus4.png,./Experiment/Stimulus/objects/bus4.png,217473,fewlarge
329,./Experiment/Stimulus/all_stim/occlusion/partialviewing/fewlarge/low/fewlarge_partialViewing_low_bus5.png,./Experiment/Stimulus/objects/bus5.png,217319,fewlarge
330,./Experiment/Stimulus/all_stim/occlusion/partialviewing/fewlarge/low/fewlarge_partialViewing_low_banana5.png,./Experiment/Stimulus/objects/banana5.png,309699,fewlarge
331,./Experiment/Stimulus/all_stim/occlusion/partialviewing/fewlarge/low/fewlarge_partialViewing_low_banana7.png,./Experiment/Stimulus/objects/banana7.png,284632,fewlarge
332,./Experiment/Stimulus/all_stim/occlusion/partialviewing/fewlarge/low/fewlarge_partialViewing_low_bus7.png,./Experiment/Stimulus/objects/bus7.png,292450,fewlarge
333,./Experiment/Stimulus/all_stim/occlusion/partialviewing/fewlarge/low/fewlarge_partialViewing_low_bus6.png,./Experiment/Stimulus/objects/bus6.png,171941,fewlarge
334,./Experiment/Stimulus/all_stim/occlusion/partialviewing/fewlarge/low/fewlarge_partialViewing_low_banana6.png,./Experiment/Stimulus/objects/banana6.png,125413,fewlarge
335,./Experiment/Stimulus/all_stim/occlusion/partialviewing/fewlarge/low/fewlarge_partialViewing_low_tree5.png,./Experiment/Stimulus/objects/tree5.png,299821,fewlarge
336,./Experiment/Stimulus/all_stim/occlusion/partialviewing/fewlarge/low/fewlarge_partialViewing_low_person2.png,./Experiment/Stimulus/objects/person2.png,311850,fewlarge
337,./Experiment/Stimulus/all_stim/occlusion/partialviewing/fewlarge/low/fewlarge_partialViewing_low_cat2.png,./Experiment/Stimulus/objects/cat2.png,362397,fewlarge
338,./Experiment/Stimulus/all_stim/occlusion/partialviewing/fewlarge/low/fewlarge_partialViewing_low_building9.png,./Experiment/Stimulus/objects/building9.png,227605,fewlarge
339,./Experiment/Stimulus/all_stim/occlusion/partialviewing/fewlarge/low/fewlarge_partialViewing_low_building8.png,./Experiment/Stimulus/objects/building8.png,279639,fewlarge
340,./Experiment/Stimulus/all_stim/occlusion/partialviewing/fewlarge/low/fewlarge_partialViewing_low_cat3.png,./Experiment/Stimulus/objects/cat3.png,387002,fewlarge
341,./Experiment/Stimulus/all_stim/occlusion/partialviewing/fewlarge/low/fewlarge_partialViewing_low_bird1.png,./Experiment/Stimulus/objects/bird1.png,333813,fewlarge
342,./Experiment/Stimulus/all_stim/occlusion/partialviewing/fewlarge/low/fewlarge_partialViewing_low_person3.png,./Experiment/Stimulus/objects/person3.png,287826,fewlarge
343,./Experiment/Stimulus/all_stim/occlusion/partialviewing/fewlarge/low/fewlarge_partialViewing_low_tree4.png,./Experiment/Stimulus/objects/tree4.png,296286,fewlarge
344,./Experiment/Stimulus/all_stim/occlusion/partialviewing/fewlarge/low/fewlarge_partialViewing_low_tree6.png,./Experiment/Stimulus/objects/tree6.png,225970,fewlarge
345,./Experiment/Stimulus/all_stim/occlusion/partialviewing/fewlarge/low/fewlarge_partialViewing_low_person1.png,./Experiment/Stimulus/objects/person1.png,336923,fewlarge
346,./Experiment/Stimulus/all_stim/occlusion/partialviewing/fewlarge/low/fewlarge_partialViewing_low_bird3.png,./Experiment/Stimulus/objects/bird3.png,333252,fewlarge
347,./Experiment/Stimulus/all_stim/occlusion/partialviewing/fewlarge/low/fewlarge_partialViewing_low_cat1.png,./Experiment/Stimulus/objects/cat1.png,335905,fewlarge
348,./Experiment/Stimulus/all_stim/occlusion/partialviewing/fewlarge/low/fewlarge_partialViewing_low_firehydrant8.png,./Experiment/Stimulus/objects/firehydrant8.png,263313,fewlarge
349,./Experiment/Stimulus/all_stim/occlusion/partialviewing/fewlarge/low/fewlarge_partialViewing_low_firehydrant9.png,./Experiment/Stimulus/objects/firehydrant9.png,247269,fewlarge
350,./Experiment/Stimulus/all_stim/occlusion/partialviewing/fewlarge/low/fewlarge_partialViewing_low_bird2.png,./Experiment/Stimulus/objects/bird2.png,202952,fewlarge
351,./Experiment/Stimulus/all_stim/occlusion/partialviewing/fewlarge/low/fewlarge_partialViewing_low_tree7.png,./Experiment/Stimulus/objects/tree7.png,272872,fewlarge
352,./Experiment/Stimulus/all_stim/occlusion/partialviewing/fewlarge/low/fewlarge_partialViewing_low_tree3.png,./Experiment/Stimulus/objects/tree3.png,250075,fewlarge
353,./Experiment/Stimulus/all_stim/occlusion/partialviewing/fewlarge/low/fewlarge_partialViewing_low_bird6.png,./Experiment/Stimulus/objects/bird6.png,315021,fewlarge
354,./Experiment/Stimulus/all_stim/occlusion/partialviewing/fewlarge/low/fewlarge_partialViewing_low_person4.png,./Experiment/Stimulus/objects/person4.png,216183,fewlarge
355,./Experiment/Stimulus/all_stim/occlusion/partialviewing/fewlarge/low/fewlarge_partialViewing_low_cat4.png,./Experiment/Stimulus/objects/cat4.png,255702,fewlarge
356,./Experiment/Stimulus/all_stim/occlusion/partialviewing/fewlarge/low/fewlarge_partialViewing_low_cat5.png,./Experiment/Stimulus/objects/cat5.png,201030,fewlarge
357,./Experiment/Stimulus/all_stim/occlusion/partialviewing/fewlarge/low/fewlarge_partialViewing_low_person5.png,./Experiment/Stimulus/objects/person5.png,198648,fewlarge
358,./Experiment/Stimulus/all_stim/occlusion/partialviewing/fewlarge/low/fewlarge_partialViewing_low_bird7.png,./Experiment/Stimulus/objects/bird7.png,300106,fewlarge
359,./Experiment/Stimulus/all_stim/occlusion/partialviewing/fewlarge/low/fewlarge_partialViewing_low_tree2.png,./Experiment/Stimulus/objects/tree2.png,217168,fewlarge
360,./Experiment/Stimulus/all_stim/occlusion/partialviewing/fewlarge/low/fewlarge_partialViewing_low_bird5.png,./Experiment/Stimulus/objects/bird5.png,161366,fewlarge
361,./Experiment/Stimulus/all_stim/occlusion/partialviewing/fewlarge/low/fewlarge_partialViewing_low_person7.png,./Experiment/Stimulus/objects/person7.png,328373,fewlarge
362,./Experiment/Stimulus/all_stim/occlusion/partialviewing/fewlarge/low/fewlarge_partialViewing_low_cat7.png,./Experiment/Stimulus/objects/cat7.png,233176,fewlarge
363,./Experiment/Stimulus/all_stim/occlusion/partialviewing/fewlarge/low/fewlarge_partialViewing_low_cat6.png,./Experiment/Stimulus/objects/cat6.png,278550,fewlarge
364,./Experiment/Stimulus/all_stim/occlusion/partialviewing/fewlarge/low/fewlarge_partialViewing_low_person6.png,./Experiment/Stimulus/objects/person6.png,236027,fewlarge
365,./Experiment/Stimulus/all_stim/occlusion/partialviewing/fewlarge/low/fewlarge_partialViewing_low_bird4.png,./Experiment/Stimulus/objects/bird4.png,275255,fewlarge
366,./Experiment/Stimulus/all_stim/occlusion/partialviewing/fewlarge/low/fewlarge_partialViewing_low_tree1.png,./Experiment/Stimulus/objects/tree1.png,262021,fewlarge
367,./Experiment/Stimulus/all_stim/occlusion/partialviewing/fewlarge/low/fewlarge_partialViewing_low_bird9.png,./Experiment/Stimulus/objects/bird9.png,279714,fewlarge
368,./Experiment/Stimulus/all_stim/occlusion/partialviewing/fewlarge/low/fewlarge_partialViewing_low_firehydrant2.png,./Experiment/Stimulus/objects/firehydrant2.png,270837,fewlarge
369,./Experiment/Stimulus/all_stim/occlusion/partialviewing/fewlarge/low/fewlarge_partialViewing_low_building1.png,./Experiment/Stimulus/objects/building1.png,316110,fewlarge
370,./Experiment/Stimulus/all_stim/occlusion/partialviewing/fewlarge/low/fewlarge_partialViewing_low_firehydrant3.png,./Experiment/Stimulus/objects/firehydrant3.png,231242,fewlarge
371,./Experiment/Stimulus/all_stim/occlusion/partialviewing/fewlarge/low/fewlarge_partialViewing_low_bird8.png,./Experiment/Stimulus/objects/bird8.png,183696,fewlarge
372,./Experiment/Stimulus/all_stim/occlusion/partialviewing/fewlarge/low/fewlarge_partialViewing_low_person10.png,./Experiment/Stimulus/objects/person10.png,359948,fewlarge
373,./Experiment/Stimulus/all_stim/occlusion/partialviewing/fewlarge/low/fewlarge_partialViewing_low_person8.png,./Experiment/Stimulus/objects/person8.png,326218,fewlarge
374,./Experiment/Stimulus/all_stim/occlusion/partialviewing/fewlarge/low/fewlarge_partialViewing_low_firehydrant1.png,./Experiment/Stimulus/objects/firehydrant1.png,261220,fewlarge
375,./Experiment/Stimulus/all_stim/occlusion/partialviewing/fewlarge/low/fewlarge_partialViewing_low_cat8.png,./Experiment/Stimulus/objects/cat8.png,232725,fewlarge
376,./Experiment/Stimulus/all_stim/occlusion/partialviewing/fewlarge/low/fewlarge_partialViewing_low_building3.png,./Experiment/Stimulus/objects/building3.png,108728,fewlarge
377,./Experiment/Stimulus/all_stim/occlusion/partialviewing/fewlarge/low/fewlarge_partialViewing_low_building2.png,./Experiment/Stimulus/objects/building2.png,168218,fewlarge
378,./Experiment/Stimulus/all_stim/occlusion/partialviewing/fewlarge/low/fewlarge_partialViewing_low_cat9.png,./Experiment/Stimulus/objects/cat9.png,174644,fewlarge
379,./Experiment/Stimulus/all_stim/occlusion/partialviewing/fewlarge/low/fewlarge_partialViewing_low_person9.png,./Experiment/Stimulus/objects/person9.png,388964,fewlarge
380,./Experiment/Stimulus/all_stim/occlusion/partialviewing/fewlarge/low/fewlarge_partialViewing_low_firehydrant4.png,./Experiment/Stimulus/objects/firehydrant4.png,304447,fewlarge
381,./Experiment/Stimulus/all_stim/occlusion/partialviewing/fewlarge/low/fewlarge_partialViewing_low_building6.png,./Experiment/Stimulus/objects/building6.png,314147,fewlarge
382,./Experiment/Stimulus/all_stim/occlusion/partialviewing/fewlarge/low/fewlarge_partialViewing_low_building7.png,./Experiment/Stimulus/objects/building7.png,333364,fewlarge
383,./Experiment/Stimulus/all_stim/occlusion/partialviewing/fewlarge/low/fewlarge_partialViewing_low_firehydrant5.png,./Experiment/Stimulus/objects/firehydrant5.png,222674,fewlarge
384,./Experiment/Stimulus/all_stim/occlusion/partialviewing/fewlarge/low/fewlarge_partialViewing_low_bus10.png,./Experiment/Stimulus/objects/bus10.png,241680,fewlarge
385,./Experiment/Stimulus/all_stim/occlusion/partialviewing/fewlarge/low/fewlarge_partialViewing_low_banana10.png,./Experiment/Stimulus/objects/banana10.png,282176,fewlarge
386,./Experiment/Stimulus/all_stim/occlusion/partialviewing/fewlarge/low/fewlarge_partialViewing_low_tree9.png,./Experiment/Stimulus/objects/tree9.png,258394,fewlarge
387,./Experiment/Stimulus/all_stim/occlusion/partialviewing/fewlarge/low/fewlarge_partialViewing_low_firehydrant7.png,./Experiment/Stimulus/objects/firehydrant7.png,298534,fewlarge
388,./Experiment/Stimulus/all_stim/occlusion/partialviewing/fewlarge/low/fewlarge_partialViewing_low_building5.png,./Experiment/Stimulus/objects/building5.png,349673,fewlarge
389,./Experiment/Stimulus/all_stim/occlusion/partialviewing/fewlarge/low/fewlarge_partialViewing_low_building4.png,./Experiment/Stimulus/objects/building4.png,306339,fewlarge
390,./Experiment/Stimulus/all_stim/occlusion/partialviewing/fewlarge/low/fewlarge_partialViewing_low_firehydrant6.png,./Experiment/Stimulus/objects/firehydrant6.png,282217,fewlarge
391,./Experiment/Stimulus/all_stim/occlusion/partialviewing/fewlarge/low/fewlarge_partialViewing_low_tree8.png,./Experiment/Stimulus/objects/tree8.png,266467,fewlarge
392,./Experiment/Stimulus/all_stim/occlusion/partialviewing/fewlarge/low/fewlarge_partialViewing_low_building10.png,./Experiment/Stimulus/objects/building10.png,273006,fewlarge
393,./Experiment/Stimulus/all_stim/occlusion/partialviewing/fewlarge/low/fewlarge_partialViewing_low_banana8.png,./Experiment/Stimulus/objects/banana8.png,178758,fewlarge
394,./Experiment/Stimulus/all_stim/occlusion/partialviewing/fewlarge/low/fewlarge_partialViewing_low_bus8.png,./Experiment/Stimulus/objects/bus8.png,247007,fewlarge
395,./Experiment/Stimulus/all_stim/occlusion/partialviewing/fewlarge/low/fewlarge_partialViewing_low_bus9.png,./Experiment/Stimulus/objects/bus9.png,152397,fewlarge
396,./Experiment/Stimulus/all_stim/occlusion/partialviewing/fewlarge/low/fewlarge_partialViewing_low_banana9.png,./Experiment/Stimulus/objects/banana9.png,429837,fewlarge
397,./Experiment/Stimulus/all_stim/occlusion/partialviewing/fewlarge/low/fewlarge_partialViewing_low_cat10.png,./Experiment/Stimulus/objects/cat10.png,311318,fewlarge
398,./Experiment/Stimulus/all_stim/occlusion/partialviewing/fewlarge/low/fewlarge_partialViewing_low_firehydrant10.png,./Experiment/Stimulus/objects/firehydrant10.png,228432,fewlarge
399,./Experiment/Stimulus/all_stim/occlusion/partialviewing/fewlarge/low/fewlarge_partialViewing_low_tree10.png,./Experiment/Stimulus/objects/tree10.png,220881,fewlarge
400,./Experiment/Stimulus/all_stim/occlusion/partialviewing/fewlarge/control/fewlarge_partialViewing_control_person5.png,./Experiment/Stimulus/objects/person5.png,298620,fewlarge
401,./Experiment/Stimulus/all_stim/occlusion/partialviewing/fewlarge/control/fewlarge_partialViewing_control_building10.png,./Experiment/Stimulus/objects/building10.png,264424,fewlarge
402,./Experiment/Stimulus/all_stim/occlusion/partialviewing/fewlarge/control/fewlarge_partialViewing_control_building6.png,./Experiment/Stimulus/objects/building6.png,208175,fewlarge
403,./Experiment/Stimulus/all_stim/occlusion/partialviewing/fewlarge/control/fewlarge_partialViewing_control_building7.png,./Experiment/Stimulus/objects/building7.png,319792,fewlarge
404,./Experiment/Stimulus/all_stim/occlusion/partialviewing/fewlarge/control/fewlarge_partialViewing_control_cat1.png,./Experiment/Stimulus/objects/cat1.png,278582,fewlarge
405,./Experiment/Stimulus/all_stim/occlusion/partialviewing/fewlarge/control/fewlarge_partialViewing_control_person4.png,./Experiment/Stimulus/objects/person4.png,262515,fewlarge
406,./Experiment/Stimulus/all_stim/occlusion/partialviewing/fewlarge/control/fewlarge_partialViewing_control_person6.png,./Experiment/Stimulus/objects/person6.png,325990,fewlarge
407,./Experiment/Stimulus/all_stim/occlusion/partialviewing/fewlarge/control/fewlarge_partialViewing_control_banana10.png,./Experiment/Stimulus/objects/banana10.png,268883,fewlarge
408,./Experiment/Stimulus/all_stim/occlusion/partialviewing/fewlarge/control/fewlarge_partialViewing_control_cat3.png,./Experiment/Stimulus/objects/cat3.png,282039,fewlarge
409,./Experiment/Stimulus/all_stim/occlusion/partialviewing/fewlarge/control/fewlarge_partialViewing_control_building5.png,./Experiment/Stimulus/objects/building5.png,258352,fewlarge
410,./Experiment/Stimulus/all_stim/occlusion/partialviewing/fewlarge/control/fewlarge_partialViewing_control_bird8.png,./Experiment/Stimulus/objects/bird8.png,225482,fewlarge
411,./Experiment/Stimulus/all_stim/occlusion/partialviewing/fewlarge/control/fewlarge_partialViewing_control_bird9.png,./Experiment/Stimulus/objects/bird9.png,268819,fewlarge
412,./Experiment/Stimulus/all_stim/occlusion/partialviewing/fewlarge/control/fewlarge_partialViewing_control_building4.png,./Experiment/Stimulus/objects/building4.png,300282,fewlarge
413,./Experiment/Stimulus/all_stim/occlusion/partialviewing/fewlarge/control/fewlarge_partialViewing_control_cat2.png,./Experiment/Stimulus/objects/cat2.png,313525,fewlarge
414,./Experiment/Stimulus/all_stim/occlusion/partialviewing/fewlarge/control/fewlarge_partialViewing_control_person7.png,./Experiment/Stimulus/objects/person7.png,180041,fewlarge
415,./Experiment/Stimulus/all_stim/occlusion/partialviewing/fewlarge/control/fewlarge_partialViewing_control_person3.png,./Experiment/Stimulus/objects/person3.png,265131,fewlarge
416,./Experiment/Stimulus/all_stim/occlusion/partialviewing/fewlarge/control/fewlarge_partialViewing_control_firehydrant9.png,./Experiment/Stimulus/objects/firehydrant9.png,303759,fewlarge
417,./Experiment/Stimulus/all_stim/occlusion/partialviewing/fewlarge/control/fewlarge_partialViewing_control_cat6.png,./Experiment/Stimulus/objects/cat6.png,258744,fewlarge
418,./Experiment/Stimulus/all_stim/occlusion/partialviewing/fewlarge/control/fewlarge_partialViewing_control_tree8.png,./Experiment/Stimulus/objects/tree8.png,167338,fewlarge
419,./Experiment/Stimulus/all_stim/occlusion/partialviewing/fewlarge/control/fewlarge_partialViewing_control_bird10.png,./Experiment/Stimulus/objects/bird10.png,110736,fewlarge
420,./Experiment/Stimulus/all_stim/occlusion/partialviewing/fewlarge/control/fewlarge_partialViewing_control_building1.png,./Experiment/Stimulus/objects/building1.png,270244,fewlarge
421,./Experiment/Stimulus/all_stim/occlusion/partialviewing/fewlarge/control/fewlarge_partialViewing_control_tree9.png,./Experiment/Stimulus/objects/tree9.png,244326,fewlarge
422,./Experiment/Stimulus/all_stim/occlusion/partialviewing/fewlarge/control/fewlarge_partialViewing_control_cat7.png,./Experiment/Stimulus/objects/cat7.png,311354,fewlarge
423,./Experiment/Stimulus/all_stim/occlusion/partialviewing/fewlarge/control/fewlarge_partialViewing_control_firehydrant8.png,./Experiment/Stimulus/objects/firehydrant8.png,143187,fewlarge
424,./Experiment/Stimulus/all_stim/occlusion/partialviewing/fewlarge/control/fewlarge_partialViewing_control_person2.png,./Experiment/Stimulus/objects/person2.png,187253,fewlarge
425,./Experiment/Stimulus/all_stim/occlusion/partialviewing/fewlarge/control/fewlarge_partialViewing_control_bus10.png,./Experiment/Stimulus/objects/bus10.png,191372,fewlarge
426,./Experiment/Stimulus/all_stim/occlusion/partialviewing/fewlarge/control/fewlarge_partialViewing_control_person10.png,./Experiment/Stimulus/objects/person10.png,380413,fewlarge
427,./Experiment/Stimulus/all_stim/occlusion/partialviewing/fewlarge/control/fewlarge_partialViewing_control_cat5.png,./Experiment/Stimulus/objects/cat5.png,188709,fewlarge
428,./Experiment/Stimulus/all_stim/occlusion/partialviewing/fewlarge/control/fewlarge_partialViewing_control_building3.png,./Experiment/Stimulus/objects/building3.png,244926,fewlarge
429,./Experiment/Stimulus/all_stim/occlusion/partialviewing/fewlarge/control/fewlarge_partialViewing_control_building2.png,./Experiment/Stimulus/objects/building2.png,270725,fewlarge
430,./Experiment/Stimulus/all_stim/occlusion/partialviewing/fewlarge/control/fewlarge_partialViewing_control_cat4.png,./Experiment/Stimulus/objects/cat4.png,309681,fewlarge
431,./Experiment/Stimulus/all_stim/occlusion/partialviewing/fewlarge/control/fewlarge_partialViewing_control_person1.png,./Experiment/Stimulus/objects/person1.png,256546,fewlarge
432,./Experiment/Stimulus/all_stim/occlusion/partialviewing/fewlarge/control/fewlarge_partialViewing_control_firehydrant10.png,./Experiment/Stimulus/objects/firehydrant10.png,155327,fewlarge
433,./Experiment/Stimulus/all_stim/occlusion/partialviewing/fewlarge/control/fewlarge_partialViewing_control_banana5.png,./Experiment/Stimulus/objects/banana5.png,219780,fewlarge
434,./Experiment/Stimulus/all_stim/occlusion/partialviewing/fewlarge/control/fewlarge_partialViewing_control_bus1.png,./Experiment/Stimulus/objects/bus1.png,218676,fewlarge
435,./Experiment/Stimulus/all_stim/occlusion/partialviewing/fewlarge/control/fewlarge_partialViewing_control_banana4.png,./Experiment/Stimulus/objects/banana4.png,260835,fewlarge
436,./Experiment/Stimulus/all_stim/occlusion/partialviewing/fewlarge/control/fewlarge_partialViewing_control_banana6.png,./Experiment/Stimulus/objects/banana6.png,303321,fewlarge
437,./Experiment/Stimulus/all_stim/occlusion/partialviewing/fewlarge/control/fewlarge_partialViewing_control_bus3.png,./Experiment/Stimulus/objects/bus3.png,175529,fewlarge
438,./Experiment/Stimulus/all_stim/occlusion/partialviewing/fewlarge/control/fewlarge_partialViewing_control_bus2.png,./Experiment/Stimulus/objects/bus2.png,205973,fewlarge
439,./Experiment/Stimulus/all_stim/occlusion/partialviewing/fewlarge/control/fewlarge_partialViewing_control_banana7.png,./Experiment/Stimulus/objects/banana7.png,283361,fewlarge
440,./Experiment/Stimulus/all_stim/occlusion/partialviewing/fewlarge/control/fewlarge_partialViewing_control_banana3.png,./Experiment/Stimulus/objects/banana3.png,141172,fewlarge
441,./Experiment/Stimulus/all_stim/occlusion/partialviewing/fewlarge/control/fewlarge_partialViewing_control_bus6.png,./Experiment/Stimulus/objects/bus6.png,305046,fewlarge
442,./Experiment/Stimulus/all_stim/occlusion/partialviewing/fewlarge/control/fewlarge_partialViewing_control_bus7.png,./Experiment/Stimulus/objects/bus7.png,281554,fewlarge
443,./Experiment/Stimulus/all_stim/occlusion/partialviewing/fewlarge/control/fewlarge_partialViewing_control_banana2.png,./Experiment/Stimulus/objects/banana2.png,181971,fewlarge
444,./Experiment/Stimulus/all_stim/occlusion/partialviewing/fewlarge/control/fewlarge_partialViewing_control_bus5.png,./Experiment/Stimulus/objects/bus5.png,224124,fewlarge
445,./Experiment/Stimulus/all_stim/occlusion/partialviewing/fewlarge/control/fewlarge_partialViewing_control_cat10.png,./Experiment/Stimulus/objects/cat10.png,282083,fewlarge
446,./Experiment/Stimulus/all_stim/occlusion/partialviewing/fewlarge/control/fewlarge_partialViewing_control_bus4.png,./Experiment/Stimulus/objects/bus4.png,286207,fewlarge
447,./Experiment/Stimulus/all_stim/occlusion/partialviewing/fewlarge/control/fewlarge_partialViewing_control_banana1.png,./Experiment/Stimulus/objects/banana1.png,182596,fewlarge
448,./Experiment/Stimulus/all_stim/occlusion/partialviewing/fewlarge/control/fewlarge_partialViewing_control_bus9.png,./Experiment/Stimulus/objects/bus9.png,208631,fewlarge
449,./Experiment/Stimulus/all_stim/occlusion/partialviewing/fewlarge/control/fewlarge_partialViewing_control_bus8.png,./Experiment/Stimulus/objects/bus8.png,238588,fewlarge
450,./Experiment/Stimulus/all_stim/occlusion/partialviewing/fewlarge/control/fewlarge_partialViewing_control_banana9.png,./Experiment/Stimulus/objects/banana9.png,192470,fewlarge
451,./Experiment/Stimulus/all_stim/occlusion/partialviewing/fewlarge/control/fewlarge_partialViewing_control_banana8.png,./Experiment/Stimulus/objects/banana8.png,202866,fewlarge
452,./Experiment/Stimulus/all_stim/occlusion/partialviewing/fewlarge/control/fewlarge_partialViewing_control_firehydrant6.png,./Experiment/Stimulus/objects/firehydrant6.png,236145,fewlarge
453,./Experiment/Stimulus/all_stim/occlusion/partialviewing/fewlarge/control/fewlarge_partialViewing_control_cat9.png,./Experiment/Stimulus/objects/cat9.png,290594,fewlarge
454,./Experiment/Stimulus/all_stim/occlusion/partialviewing/fewlarge/control/fewlarge_partialViewing_control_tree7.png,./Experiment/Stimulus/objects/tree7.png,176037,fewlarge
455,./Experiment/Stimulus/all_stim/occlusion/partialviewing/fewlarge/control/fewlarge_partialViewing_control_bird2.png,./Experiment/Stimulus/objects/bird2.png,224817,fewlarge
456,./Experiment/Stimulus/all_stim/occlusion/partialviewing/fewlarge/control/fewlarge_partialViewing_control_bird3.png,./Experiment/Stimulus/objects/bird3.png,192192,fewlarge
457,./Experiment/Stimulus/all_stim/occlusion/partialviewing/fewlarge/control/fewlarge_partialViewing_control_tree6.png,./Experiment/Stimulus/objects/tree6.png,259520,fewlarge
458,./Experiment/Stimulus/all_stim/occlusion/partialviewing/fewlarge/control/fewlarge_partialViewing_control_tree10.png,./Experiment/Stimulus/objects/tree10.png,323367,fewlarge
459,./Experiment/Stimulus/all_stim/occlusion/partialviewing/fewlarge/control/fewlarge_partialViewing_control_cat8.png,./Experiment/Stimulus/objects/cat8.png,426280,fewlarge
460,./Experiment/Stimulus/all_stim/occlusion/partialviewing/fewlarge/control/fewlarge_partialViewing_control_firehydrant7.png,./Experiment/Stimulus/objects/firehydrant7.png,268938,fewlarge
461,./Experiment/Stimulus/all_stim/occlusion/partialviewing/fewlarge/control/fewlarge_partialViewing_control_firehydrant5.png,./Experiment/Stimulus/objects/firehydrant5.png,286059,fewlarge
462,./Experiment/Stimulus/all_stim/occlusion/partialviewing/fewlarge/control/fewlarge_partialViewing_control_tree4.png,./Experiment/Stimulus/objects/tree4.png,262209,fewlarge
463,./Experiment/Stimulus/all_stim/occlusion/partialviewing/fewlarge/control/fewlarge_partialViewing_control_bird1.png,./Experiment/Stimulus/objects/bird1.png,165202,fewlarge
464,./Experiment/Stimulus/all_stim/occlusion/partialviewing/fewlarge/control/fewlarge_partialViewing_control_tree5.png,./Experiment/Stimulus/objects/tree5.png,343151,fewlarge
465,./Experiment/Stimulus/all_stim/occlusion/partialviewing/fewlarge/control/fewlarge_partialViewing_control_firehydrant4.png,./Experiment/Stimulus/objects/firehydrant4.png,210062,fewlarge
466,./Experiment/Stimulus/all_stim/occlusion/partialviewing/fewlarge/control/fewlarge_partialViewing_control_tree1.png,./Experiment/Stimulus/objects/tree1.png,371547,fewlarge
467,./Experiment/Stimulus/all_stim/occlusion/partialviewing/fewlarge/control/fewlarge_partialViewing_control_building9.png,./Experiment/Stimulus/objects/building9.png,198701,fewlarge
468,./Experiment/Stimulus/all_stim/occlusion/partialviewing/fewlarge/control/fewlarge_partialViewing_control_bird4.png,./Experiment/Stimulus/objects/bird4.png,247875,fewlarge
469,./Experiment/Stimulus/all_stim/occlusion/partialviewing/fewlarge/control/fewlarge_partialViewing_control_bird5.png,./Experiment/Stimulus/objects/bird5.png,251124,fewlarge
470,./Experiment/Stimulus/all_stim/occlusion/partialviewing/fewlarge/control/fewlarge_partialViewing_control_building8.png,./Experiment/Stimulus/objects/building8.png,265715,fewlarge
471,./Experiment/Stimulus/all_stim/occlusion/partialviewing/fewlarge/control/fewlarge_partialViewing_control_firehydrant1.png,./Experiment/Stimulus/objects/firehydrant1.png,232208,fewlarge
472,./Experiment/Stimulus/all_stim/occlusion/partialviewing/fewlarge/control/fewlarge_partialViewing_control_person9.png,./Experiment/Stimulus/objects/person9.png,259628,fewlarge
473,./Experiment/Stimulus/all_stim/occlusion/partialviewing/fewlarge/control/fewlarge_partialViewing_control_firehydrant3.png,./Experiment/Stimulus/objects/firehydrant3.png,141008,fewlarge
474,./Experiment/Stimulus/all_stim/occlusion/partialviewing/fewlarge/control/fewlarge_partialViewing_control_tree2.png,./Experiment/Stimulus/objects/tree2.png,194722,fewlarge
475,./Experiment/Stimulus/all_stim/occlusion/partialviewing/fewlarge/control/fewlarge_partialViewing_control_bird7.png,./Experiment/Stimulus/objects/bird7.png,295305,fewlarge
476,./Experiment/Stimulus/all_stim/occlusion/partialviewing/fewlarge/control/fewlarge_partialViewing_control_bird6.png,./Experiment/Stimulus/objects/bird6.png,352192,fewlarge
477,./Experiment/Stimulus/all_stim/occlusion/partialviewing/fewlarge/control/fewlarge_partialViewing_control_tree3.png,./Experiment/Stimulus/objects/tree3.png,238103,fewlarge
478,./Experiment/Stimulus/all_stim/occlusion/partialviewing/fewlarge/control/fewlarge_partialViewing_control_firehydrant2.png,./Experiment/Stimulus/objects/firehydrant2.png,338627,fewlarge
479,./Experiment/Stimulus/all_stim/occlusion/partialviewing/fewlarge/control/fewlarge_partialViewing_control_person8.png,./Experiment/Stimulus/objects/person8.png,205753,fewlarge
